﻿{
  "HttpBaseAddress": "http://127.0.0.1",
  "HttpBaseAddress_Description": "## The Papercut Web UI Server listening address e.g. specific hostname http://hostname (Defaults to http://127.0.0.1). If you want listen to all hostnames use http://* . Warning: This option needs administrator permission. Please be carfully with this option for security reason! ",
  "HttpPort": "37408",
  "HttpPort_Description": "## The Http Web UI Server listening port (Defaults to 37408). Set to 0 to disable Http Web UI Server.",
  "HttpServerEnabled": "True",
  "HttpServerEnabled_Description": "## Is the Papercut Web UI Server enabled (Defaults to true)?",
  "IP": "Any",
  "IP_Description": "## SMTP Server listening IP. 'Any' is the default and it means '0.0.0.0'.",
  "IPCommServerIPAddress": "127.0.0.1",
  "IPCommServerIPAddress_Description": "## The IP Comm Server IP address (Defaults to 127.0.0.1).",
  "IPCommServerPort": "37403",
  "IPCommServerPort_Description": "## The IP Comm Server listening port (Defaults to 37403).",
  "IPCommServerUIPort": "37402",
  "IPCommServerUIPort_Description": "## The IP Comm Server UI listening port (Defaults to 37402).",
  "IPCommServiceAddress": "127.0.0.1",
  "IPCommServiceAddress_Description": "## The IP Comm Service IP address (Defaults to 127.0.0.1).",
  "IPCommServicePort": "37403",
  "IPCommServicePort_Description": "## The IP Comm Service UI listening port (Defaults to 37403).",
  "IPCommUIAddress": "127.0.0.1",
  "IPCommUIAddress_Description": "## The IP Comm UI IP address (Defaults to 127.0.0.1).",
  "IPCommUIPort": "37402",
  "IPCommUIPort_Description": "## The IP Comm UI listening port (Defaults to 37402).",
  "MessagePath": "%AppDataDirectory%\\Incoming;%BaseDirectory%\\Incoming",
  "MessagePath_Description": "## Base path where incoming emails are written.",
  "LoggingPath": "%AppDataDirectory%\\Logs;%BaseDirectory%\\Logs",
  "LoggingPath_Description": "## Base path where logs are written.",
  "Port": "25",
  "Port_Description": "## SMTP Server listening Port. Default is 25.",
  "SeqEndpoint": null,
  "SeqEndpoint_Description": "## Populate with a endpoint if you want to enable SEQ (https://getseq.net/) logging."
}
